Name,Link,Color,Image,Mileage,Transmission,Price
2020 Porsche 718 Boxster,https://www.porschevancouver.ca/inventory/new/Porsche+718+Boxster+Vancouver+British+Columbia+2020+Guards+Red+42360441,Guards Red		  Standard Interior in Black,/images/thumbnail.php?type=inventory&disablewatermark&width=278&id=42360441,0 km,7-speed Porsche Doppelkupplung (PDK),"$ 89,025.00"
2020 Porsche 911 Carrera 4 Cabriolet (992),https://www.porschevancouver.ca/inventory/new/Porsche+911+Carrera+4+Cabriolet+2899229+Vancouver+British+Columbia+2020+Gentian+Blue+Metallic+32464301,Gentian Blue Metallic		  Standard Interior in Black,https://d2x7jl4z036ayr.cloudfront.net/porsche_pictures/WP0/WP0CA2A9/WP0CA2A99LS251367/87F27020C70C55B763B0AFF02C3427E9.jpg,0 km,,"$ 147,780.00"
2020 Porsche 911 Carrera 4S (992),https://www.porschevancouver.ca/inventory/new/Porsche+911+Carrera+4S+2899229+Vancouver+British+Columbia+2020+Carrara+White+Metallic+30084833,Carrara White Metallic,https://d2x7jl4z036ayr.cloudfront.net/porsche_pictures/WP0/WP0AB2A9/WP0AB2A92LS228128/16829CA65DAECE24FDA75866F552C56D.jpg,0 km,,"$ 166,375.00"
2020 Porsche 911 Carrera 4S (992),https://www.porschevancouver.ca/inventory/new/Porsche+911+Carrera+4S+2899229+Vancouver+British+Columbia+2020+Miami+Blue+30917991,Miami Blue,https://d2x7jl4z036ayr.cloudfront.net/porsche_pictures/WP0/WP0AB2A9/WP0AB2A93LS227991/DD8A2D33E4D1666600163C81A7B56C72.jpg,0 km,,"$ 170,680.00"
2020 Porsche 911 Carrera 4S (992),https://www.porschevancouver.ca/inventory/new/Porsche+911+Carrera+4S+2899229+Vancouver+British+Columbia+2020+Carrara+White+Metallic+33144239,Carrara White Metallic,https://d2x7jl4z036ayr.cloudfront.net/porsche_pictures/WP0/WP0AB2A9/WP0AB2A91LS228640/3B4773CCDDE85BC2021E23878A01ECA8.jpg,0 km,,"$ 169,910.00"
2020 Porsche 911 Carrera 4S (992),https://www.porschevancouver.ca/inventory/new/Porsche+911+Carrera+4S+2899229+Vancouver+British+Columbia+2020+Gentian+Blue+Metallic+33212187,Gentian Blue Metallic		  Standard Interior in Black with Seats in Leather,https://d2x7jl4z036ayr.cloudfront.net/porsche_pictures/WP0/WP0AB2A9/WP0AB2A98LS228666/E40F37CF45D0581F7AF9611E9439587E.jpg,0 km,,"$ 165,230.00"
2020 Porsche 911 Carrera 4S (992),https://www.porschevancouver.ca/inventory/new/Porsche+911+Carrera+4S+2899229+Vancouver+British+Columbia+2020+Carrara+White+Metallic+33212189,Carrara White Metallic,https://d2x7jl4z036ayr.cloudfront.net/porsche_pictures/WP0/WP0AB2A9/WP0AB2A9XLS228667/94446AD8D3AF46292D30349B6938B9DE.jpg,0 km,,"$ 165,000.00"
2020 Porsche 911 Carrera 4S (992),https://www.porschevancouver.ca/inventory/certified/Porsche+911+Carrera+4S+2899229+Vancouver+British+Columbia+2020+Jet+Black+Metallic+37222231,Jet Black Metallic,https://assets1.dealer-sites.com/images/thumbnail.php?type=inventory&id=37222231&imageid=1660663443&num=1&width=200&height=150,4581 km,,"$ 167,995.00"
2020 Porsche 911 Carrera 4S (992),https://www.porschevancouver.ca/inventory/new/Porsche+911+Carrera+4S+2899229+Vancouver+British+Columbia+2020+Dolomite+Silver+Metallic+42730987,Dolomite Silver Metallic		  Standard Interior in Black with Seats in Leather,/images/thumbnail.php?type=inventory&disablewatermark&width=278&id=42730987,0 km,,"$ 169,790.00"
2020 Porsche 911 Carrera 4S Cabriolet (992),https://www.porschevancouver.ca/inventory/new/Porsche+911+Carrera+4S+Cabriolet+2899229+Vancouver+British+Columbia+2020+Carrara+White+Metallic+43332559,Carrara White Metallic		  Leather Interior in Black  Bordeaux Red,/images/thumbnail.php?type=inventory&disablewatermark&width=278&id=43332559,0 km,,"$ 178,140.00"
2020 Porsche 911 Carrera S (992),https://www.porschevancouver.ca/inventory/certified/Porsche+911+Carrera+S+2899229+Vancouver+British+Columbia+2020+Chalk+33208197,Chalk,https://assets4.dealer-sites.com/images/thumbnail.php?type=inventory&id=33208197&imageid=1600178911&num=1&width=200&height=150,1350 km,,"$ 168,995.00"
2020 Porsche Cayenne,https://www.porschevancouver.ca/inventory/new/Porsche+Cayenne+Vancouver+British+Columbia+2020+Carrara+White+Metallic+37155975,Carrara White Metallic		  Two-tone Leather Interior in Black  Bordeaux Red,https://d2x7jl4z036ayr.cloudfront.net/porsche_pictures/WP1/WP1AA2AY/WP1AA2AY1LDA06435/968945B135BE214E818E88EE9963146E.jpg,0 km,8-speed Tiptronic S,"$ 101,230.00"
2020 Porsche Cayenne,https://www.porschevancouver.ca/inventory/new/Porsche+Cayenne+Vancouver+British+Columbia+2020+Carrara+White+Metallic+37159959,Carrara White Metallic		  Two-tone Leather Interior in Black  Bordeaux Red,https://d2x7jl4z036ayr.cloudfront.net/porsche_pictures/WP1/WP1AA2AY/WP1AA2AY5LDA06468/C08B6D0AA0F57DCAEB357E30BCC0AF48.jpg,0 km,8-speed Tiptronic S,"$ 106,445.00"
2020 Porsche Cayenne,https://www.porschevancouver.ca/inventory/new/Porsche+Cayenne+Vancouver+British+Columbia+2020+Carrara+White+Metallic+37159977,Carrara White Metallic		  Two-tone Leather Interior in Black  Bordeaux Red,https://d2x7jl4z036ayr.cloudfront.net/porsche_pictures/WP1/WP1AA2AY/WP1AA2AY9LDA06442/FC3913EA61658437AA364D60DC2AE918.jpg,0 km,8-speed Tiptronic S,"$ 101,230.00"
2020 Porsche Cayenne,https://www.porschevancouver.ca/inventory/new/Porsche+Cayenne+Vancouver+British+Columbia+2020+Carrara+White+Metallic+41265327,Carrara White Metallic		  Leather Interior in Black,/images/thumbnail.php?type=inventory&disablewatermark&width=278&id=41265327,0 km,8-speed Tiptronic S,"$ 96,460.00"
2020 Porsche Cayenne,https://www.porschevancouver.ca/inventory/new/Porsche+Cayenne+Vancouver+British+Columbia+2020+Jet+Black+Metallic+41326331,Jet Black Metallic		  Two-tone Leather Interior in Black  Bordeaux Red,/images/thumbnail.php?type=inventory&disablewatermark&width=278&id=41326331,0 km,8-speed Tiptronic S,"$ 101,230.00"
2020 Porsche Cayenne,https://www.porschevancouver.ca/inventory/new/Porsche+Cayenne+Vancouver+British+Columbia+2020+Carrara+White+Metallic+41365361,Carrara White Metallic		  Leather Interior in Black,/images/thumbnail.php?type=inventory&disablewatermark&width=278&id=41365361,0 km,8-speed Tiptronic S,"$ 96,460.00"
2020 Porsche Cayenne,https://www.porschevancouver.ca/inventory/new/Porsche+Cayenne+Vancouver+British+Columbia+2020+Carrara+White+Metallic+41675389,Carrara White Metallic		  Two-tone Leather Interior in Black  Bordeaux Red,/images/thumbnail.php?type=inventory&disablewatermark&width=278&id=41675389,0 km,8-speed Tiptronic S,"$ 101,230.00"
2020 Porsche Cayenne,https://www.porschevancouver.ca/inventory/new/Porsche+Cayenne+Vancouver+British+Columbia+2020+Carrara+White+Metallic+41679237,Carrara White Metallic		  Two-tone Leather Interior in Black  Bordeaux Red,/images/thumbnail.php?type=inventory&disablewatermark&width=278&id=41679237,0 km,8-speed Tiptronic S,"$ 100,790.00"
2020 Porsche Cayenne,https://www.porschevancouver.ca/inventory/new/Porsche+Cayenne+Vancouver+British+Columbia+2020+Moonlight+Blue+Metallic+41726543,Moonlight Blue Metallic		  Leather Interior in Slate Grey,/images/thumbnail.php?type=inventory&disablewatermark&width=278&id=41726543,0 km,8-speed Tiptronic S,"$ 97,540.00"
2020 Porsche Cayenne,https://www.porschevancouver.ca/inventory/new/Porsche+Cayenne+Vancouver+British+Columbia+2020+Quarzite+Grey+Metallic+41726595,Quarzite Grey Metallic		  Leather Interior in Black,/images/thumbnail.php?type=inventory&disablewatermark&width=278&id=41726595,0 km,8-speed Tiptronic S,"$ 96,460.00"
2020 Porsche Cayenne,https://www.porschevancouver.ca/inventory/new/Porsche+Cayenne+Vancouver+British+Columbia+2020+Jet+Black+Metallic+41726607,Jet Black Metallic		  Two-tone Leather Interior in Black  Bordeaux Red,/images/thumbnail.php?type=inventory&disablewatermark&width=278&id=41726607,0 km,8-speed Tiptronic S,"$ 101,230.00"
2020 Porsche Cayenne,https://www.porschevancouver.ca/inventory/new/Porsche+Cayenne+Vancouver+British+Columbia+2020+Carrara+White+Metallic+41726609,Carrara White Metallic		  Two-tone Leather Interior in Black  Bordeaux Red,/images/thumbnail.php?type=inventory&disablewatermark&width=278&id=41726609,0 km,8-speed Tiptronic S,"$ 101,230.00"
2020 Porsche Cayenne,https://www.porschevancouver.ca/inventory/new/Porsche+Cayenne+Vancouver+British+Columbia+2020+Carrara+White+Metallic+41896777,Carrara White Metallic		  Two-tone Leather Interior in Black  Bordeaux Red,/images/thumbnail.php?type=inventory&disablewatermark&width=278&id=41896777,0 km,8-speed Tiptronic S,"$ 101,230.00"
2020 Porsche Cayenne,https://www.porschevancouver.ca/inventory/new/Porsche+Cayenne+Vancouver+British+Columbia+2020+Quarzite+Grey+Metallic+42001473,Quarzite Grey Metallic		  Two-tone Leather Interior in Black  Bordeaux Red,/images/thumbnail.php?type=inventory&disablewatermark&width=278&id=42001473,0 km,8-speed Tiptronic S,"$ 100,790.00"
2020 Porsche Cayenne,https://www.porschevancouver.ca/inventory/new/Porsche+Cayenne+Vancouver+British+Columbia+2020+Carrara+White+Metallic+42016849,Carrara White Metallic		  Leather Interior in Black,/images/thumbnail.php?type=inventory&disablewatermark&width=278&id=42016849,0 km,8-speed Tiptronic S,"$ 96,460.00"
2020 Porsche Cayenne,https://www.porschevancouver.ca/inventory/new/Porsche+Cayenne+Vancouver+British+Columbia+2020+Chalk+42360455,Chalk		  Two-tone Leather Interior in Black  Bordeaux Red,/images/thumbnail.php?type=inventory&disablewatermark&width=278&id=42360455,0 km,8-speed Tiptronic S,"$ 107,850.00"
2020 Porsche Cayenne,https://www.porschevancouver.ca/inventory/new/Porsche+Cayenne+Vancouver+British+Columbia+2020+Chalk+42408007,Chalk		  Leather Interior in Black,https://d2x7jl4z036ayr.cloudfront.net/porsche_pictures/WP1/WP1AA2AY/WP1AA2AY9LDA06456/BC8679EAF5A5A778AA592329D18DCD49.jpg,0 km,8-speed Tiptronic S,"$ 103,915.00"
2020 Porsche Cayenne,https://www.porschevancouver.ca/inventory/new/Porsche+Cayenne+Vancouver+British+Columbia+2020+Quarzite+Grey+Metallic+42414887,Quarzite Grey Metallic		  Two-tone Leather Interior in Black  Bordeaux Red,/images/thumbnail.php?type=inventory&disablewatermark&width=278&id=42414887,0 km,8-speed Tiptronic S,"$ 101,230.00"
2020 Porsche Cayenne,https://www.porschevancouver.ca/inventory/new/Porsche+Cayenne+Vancouver+British+Columbia+2020+Moonlight+Blue+Metallic+42499469,Moonlight Blue Metallic		  Two-tone Leather Interior in Black  Bordeaux Red,/images/thumbnail.php?type=inventory&disablewatermark&width=278&id=42499469,0 km,8-speed Tiptronic S,"$ 101,230.00"
2020 Porsche Cayenne,https://www.porschevancouver.ca/inventory/new/Porsche+Cayenne+Vancouver+British+Columbia+2020+Carrara+White+Metallic+42499471,Carrara White Metallic		  Leather Interior in Black,/images/thumbnail.php?type=inventory&disablewatermark&width=278&id=42499471,0 km,8-speed Tiptronic S,"$ 96,010.00"
2020 Porsche Cayenne,https://www.porschevancouver.ca/inventory/new/Porsche+Cayenne+Vancouver+British+Columbia+2020+Chalk+42499503,Chalk		  Two-tone Leather Interior in Black  Bordeaux Red,/images/thumbnail.php?type=inventory&disablewatermark&width=278&id=42499503,0 km,8-speed Tiptronic S,"$ 103,470.00"
2020 Porsche Cayenne,https://www.porschevancouver.ca/inventory/new/Porsche+Cayenne+Vancouver+British+Columbia+2020+Chalk+42499565,Chalk		  Leather Interior in Black,/images/thumbnail.php?type=inventory&disablewatermark&width=278&id=42499565,0 km,8-speed Tiptronic S,"$ 103,320.00"
2020 Porsche Cayenne,https://www.porschevancouver.ca/inventory/new/Porsche+Cayenne+Vancouver+British+Columbia+2020+Mahogany+Metallic+42499571,Mahogany Metallic		  Leather Interior in Black,/images/thumbnail.php?type=inventory&disablewatermark&width=278&id=42499571,0 km,8-speed Tiptronic S,"$ 96,460.00"
2020 Porsche Cayenne,https://www.porschevancouver.ca/inventory/new/Porsche+Cayenne+Vancouver+British+Columbia+2020+Moonlight+Blue+Metallic+42499583,Moonlight Blue Metallic		  Two-tone Leather Interior in Black  Bordeaux Red,/images/thumbnail.php?type=inventory&disablewatermark&width=278&id=42499583,0 km,8-speed Tiptronic S,"$ 100,790.00"
2020 Porsche Cayenne,https://www.porschevancouver.ca/inventory/new/Porsche+Cayenne+Vancouver+British+Columbia+2020+Chalk+42499593,Chalk		  Leather Interior in Black,/images/thumbnail.php?type=inventory&disablewatermark&width=278&id=42499593,0 km,8-speed Tiptronic S,"$ 98,700.00"
2020 Porsche Cayenne,https://www.porschevancouver.ca/inventory/new/Porsche+Cayenne+Vancouver+British+Columbia+2020+Carrara+White+Metallic+42678047,Carrara White Metallic		  Two-tone Leather Interior in Black  Bordeaux Red,/images/thumbnail.php?type=inventory&disablewatermark&width=278&id=42678047,0 km,8-speed Tiptronic S,"$ 101,230.00"
2020 Porsche Cayenne,https://www.porschevancouver.ca/inventory/new/Porsche+Cayenne+Vancouver+British+Columbia+2020+Carrara+White+Metallic+42727071,Carrara White Metallic,https://d2x7jl4z036ayr.cloudfront.net/porsche_pictures/WP1/WP1AA2AY/WP1AA2AY6LDA05944/76402DEF9BF81B84B1C8244186A417DD.jpg,0 km,8-speed Tiptronic S,"$ 101,230.00"
2020 Porsche Cayenne,https://www.porschevancouver.ca/inventory/new/Porsche+Cayenne+Vancouver+British+Columbia+2020+Carrara+White+Metallic+42730933,Carrara White Metallic,https://d2x7jl4z036ayr.cloudfront.net/porsche_pictures/WP1/WP1AA2AY/WP1AA2AY5LDA05885/7760BA60B3B97A9B39AD29D4FDF25734.jpg,0 km,8-speed Tiptronic S,"$ 101,230.00"
2020 Porsche Cayenne,https://www.porschevancouver.ca/inventory/new/Porsche+Cayenne+Vancouver+British+Columbia+2020+Carrara+White+Metallic+42730941,Carrara White Metallic,https://d2x7jl4z036ayr.cloudfront.net/porsche_pictures/WP1/WP1AA2AY/WP1AA2AY3LDA05884/9BA36859FC3E97D52A9A2D6BD6054269.jpg,0 km,8-speed Tiptronic S,"$ 106,445.00"
2020 Porsche Cayenne,https://www.porschevancouver.ca/inventory/new/Porsche+Cayenne+Vancouver+British+Columbia+2020+Carrara+White+Metallic+42730993,Carrara White Metallic,https://d2x7jl4z036ayr.cloudfront.net/porsche_pictures/WP1/WP1AA2AY/WP1AA2AY8LDA06237/4FC8F3E404036D34F1B69EED57174D5C.jpg,0 km,8-speed Tiptronic S,"$ 96,010.00"
2020 Porsche Cayenne,https://www.porschevancouver.ca/inventory/new/Porsche+Cayenne+Vancouver+British+Columbia+2020+Carrara+White+Metallic+42836369,Carrara White Metallic		  Leather Interior in Black,/images/thumbnail.php?type=inventory&disablewatermark&width=278&id=42836369,0 km,8-speed Tiptronic S,"$ 96,460.00"
2020 Porsche Cayenne,https://www.porschevancouver.ca/inventory/new/Porsche+Cayenne+Vancouver+British+Columbia+2020+Moonlight+Blue+Metallic+42836385,Moonlight Blue Metallic		  Leather Interior in Black,/images/thumbnail.php?type=inventory&disablewatermark&width=278&id=42836385,0 km,8-speed Tiptronic S,"$ 96,020.00"
2020 Porsche Cayenne,https://www.porschevancouver.ca/inventory/new/Porsche+Cayenne+Vancouver+British+Columbia+2020+White+43034797,White		  Two-tone Leather Interior in Black  Bordeaux Red,/images/thumbnail.php?type=inventory&disablewatermark&width=278&id=43034797,0 km,8-speed Tiptronic S,"$ 99,880.00"
2020 Porsche Cayenne,https://www.porschevancouver.ca/inventory/new/Porsche+Cayenne+Vancouver+British+Columbia+2020+Jet+Black+Metallic+43086847,Jet Black Metallic		  Two-tone Leather Interior in Black  Bordeaux Red,/images/thumbnail.php?type=inventory&disablewatermark&width=278&id=43086847,0 km,8-speed Tiptronic S,"$ 100,780.00"
2020 Porsche Cayenne Coupe,https://www.porschevancouver.ca/inventory/new/Porsche+Cayenne+Coupe+Vancouver+British+Columbia+2020+Carrara+White+Metallic+26759479,Carrara White Metallic		  Partial leather interior in Black  Seats in smooth,https://d2x7jl4z036ayr.cloudfront.net/porsche_pictures/WP1/WP1BA2AY/WP1BA2AY6LDA46871/0775D06A3963E57C33C354E665B73871.jpg,0 km,,"$ 107,015.00"
2020 Porsche Cayenne Coupe,https://www.porschevancouver.ca/inventory/new/Porsche+Cayenne+Coupe+Vancouver+British+Columbia+2020+Carrara+White+Met+42157505,Carrara White Met		  Black  Bordeaux Red Lthr,https://d2x7jl4z036ayr.cloudfront.net/porsche_pictures/WP1/WP1BA2AY/WP1BA2AY4LDA46819/D32902DF927EF04D46C596B558CCBACE.jpg,0 km,,"$ 115,455.00"
2020 Porsche Cayenne Coupe,https://www.porschevancouver.ca/inventory/new/Porsche+Cayenne+Coupe+Vancouver+British+Columbia+2020+Chalk+42727001,Chalk		  Partial leather interior in Black  Seats in smooth,https://d2x7jl4z036ayr.cloudfront.net/porsche_pictures/WP1/WP1BA2AY/WP1BA2AY2LDA46785/C1F11DA9B4E08F00B27A66DB126ECEA3.jpg,0 km,,"$ 104,760.00"
2020 Porsche Cayenne Coupe,https://www.porschevancouver.ca/inventory/new/Porsche+Cayenne+Coupe+Vancouver+British+Columbia+2020+Jet+Black+Metallic+42727005,Jet Black Metallic,https://d2x7jl4z036ayr.cloudfront.net/porsche_pictures/WP1/WP1BA2AY/WP1BA2AY6LDA46773/936CE546896E43844BB993ED9A9512D1.jpg,0 km,,"$ 103,270.00"
2020 Porsche Cayenne Coupe,https://www.porschevancouver.ca/inventory/new/Porsche+Cayenne+Coupe+Vancouver+British+Columbia+2020+Carrara+White+Metallic+42727029,Carrara White Metallic,https://d2x7jl4z036ayr.cloudfront.net/porsche_pictures/WP1/WP1BA2AY/WP1BA2AY0LDA46235/28EA9268DC85836011EFDFFC9D9D10AB.jpg,0 km,,"$ 106,570.00"
2020 Porsche Cayenne Coupe,https://www.porschevancouver.ca/inventory/new/Porsche+Cayenne+Coupe+Vancouver+British+Columbia+2020+Carrara+White+Metallic+42782645,Carrara White Metallic		  Two-tone Leather Interior in Black  Bordeaux Red,/images/thumbnail.php?type=inventory&disablewatermark&width=278&id=42782645,0 km,,"$ 106,120.00"
2020 Porsche Cayenne E-Hybrid,https://www.porschevancouver.ca/inventory/new/Porsche+Cayenne+E-Hybrid+Vancouver+British+Columbia+2020+Carrara+White+Metallic+41575465,Carrara White Metallic		  Leather Interior in Black,/images/thumbnail.php?type=inventory&disablewatermark&width=278&id=41575465,0 km,8-speed Tiptronic S,"$ 115,590.00"
2020 Porsche Cayenne E-Hybrid,https://www.porschevancouver.ca/inventory/new/Porsche+Cayenne+E-Hybrid+Vancouver+British+Columbia+2020+Carrara+White+Metallic+41726513,Carrara White Metallic		  Leather Interior in Black,/images/thumbnail.php?type=inventory&disablewatermark&width=278&id=41726513,0 km,8-speed Tiptronic S,"$ 112,410.00"
2020 Porsche Cayenne E-Hybrid,https://www.porschevancouver.ca/inventory/new/Porsche+Cayenne+E-Hybrid+Vancouver+British+Columbia+2020+Jet+Black+Metallic+42216241,Jet Black Metallic		  Two-tone Leather Interior in Black  Bordeaux Red,/images/thumbnail.php?type=inventory&disablewatermark&width=278&id=42216241,0 km,8-speed Tiptronic S,"$ 120,890.00"
2020 Porsche Cayenne E-Hybrid,https://www.porschevancouver.ca/inventory/new/Porsche+Cayenne+E-Hybrid+Vancouver+British+Columbia+2020+Carrara+White+Metallic+42308061,Carrara White Metallic		  Leather Interior in Black,/images/thumbnail.php?type=inventory&disablewatermark&width=278&id=42308061,0 km,8-speed Tiptronic S,"$ 115,590.00"
2020 Porsche Cayenne E-Hybrid,https://www.porschevancouver.ca/inventory/new/Porsche+Cayenne+E-Hybrid+Vancouver+British+Columbia+2020+Carrara+White+Metallic+42414851,Carrara White Metallic		  Leather Interior in Black,/images/thumbnail.php?type=inventory&disablewatermark&width=278&id=42414851,0 km,8-speed Tiptronic S,"$ 118,730.00"
2020 Porsche Cayenne E-Hybrid,https://www.porschevancouver.ca/inventory/new/Porsche+Cayenne+E-Hybrid+Vancouver+British+Columbia+2020+Carrara+White+Metallic+42414857,Carrara White Metallic		  Leather Interior in Black,/images/thumbnail.php?type=inventory&disablewatermark&width=278&id=42414857,0 km,8-speed Tiptronic S,"$ 117,300.00"
2020 Porsche Cayenne E-Hybrid,https://www.porschevancouver.ca/inventory/new/Porsche+Cayenne+E-Hybrid+Vancouver+British+Columbia+2020+Jet+Black+Metallic+42414885,Jet Black Metallic		  Leather Interior in Black,/images/thumbnail.php?type=inventory&disablewatermark&width=278&id=42414885,0 km,8-speed Tiptronic S,"$ 116,910.00"
2020 Porsche Cayenne E-Hybrid,https://www.porschevancouver.ca/inventory/new/Porsche+Cayenne+E-Hybrid+Vancouver+British+Columbia+2020+Jet+Black+Metallic+42414889,Jet Black Metallic		  Two-tone Leather Interior in Black  Bordeaux Red,/images/thumbnail.php?type=inventory&disablewatermark&width=278&id=42414889,0 km,8-speed Tiptronic S,"$ 122,770.00"
2020 Porsche Cayenne E-Hybrid,https://www.porschevancouver.ca/inventory/new/Porsche+Cayenne+E-Hybrid+Vancouver+British+Columbia+2020+Carrara+White+Metallic+42499443,Carrara White Metallic		  Two-tone Leather Interior in Black  Bordeaux Red,/images/thumbnail.php?type=inventory&disablewatermark&width=278&id=42499443,0 km,8-speed Tiptronic S,"$ 120,360.00"
2020 Porsche Cayenne E-Hybrid,https://www.porschevancouver.ca/inventory/new/Porsche+Cayenne+E-Hybrid+Vancouver+British+Columbia+2020+Jet+Black+Metallic+42499467,Jet Black Metallic		  Two-tone Leather Interior in Black  Bordeaux Red,/images/thumbnail.php?type=inventory&disablewatermark&width=278&id=42499467,0 km,8-speed Tiptronic S,"$ 123,500.00"
2020 Porsche Cayenne E-Hybrid,https://www.porschevancouver.ca/inventory/new/Porsche+Cayenne+E-Hybrid+Vancouver+British+Columbia+2020+Carrara+White+Metallic+42499481,Carrara White Metallic		  Two-tone Leather Interior in Black  Bordeaux Red,/images/thumbnail.php?type=inventory&disablewatermark&width=278&id=42499481,0 km,8-speed Tiptronic S,"$ 120,360.00"
2020 Porsche Cayenne E-Hybrid,https://www.porschevancouver.ca/inventory/new/Porsche+Cayenne+E-Hybrid+Vancouver+British+Columbia+2020+Carrara+White+Metallic+42499533,Carrara White Metallic		  Two-tone Leather Interior in Black  Bordeaux Red,/images/thumbnail.php?type=inventory&disablewatermark&width=278&id=42499533,0 km,8-speed Tiptronic S,"$ 122,770.00"
2020 Porsche Cayenne E-Hybrid,https://www.porschevancouver.ca/inventory/new/Porsche+Cayenne+E-Hybrid+Vancouver+British+Columbia+2020+Chalk+42678025,Chalk		  Leather Interior in Black,/images/thumbnail.php?type=inventory&disablewatermark&width=278&id=42678025,0 km,8-speed Tiptronic S,"$ 119,590.00"
2020 Porsche Cayenne E-Hybrid,https://www.porschevancouver.ca/inventory/new/Porsche+Cayenne+E-Hybrid+Vancouver+British+Columbia+2020+Chalk+42678027,Chalk		  Leather Interior in Black,/images/thumbnail.php?type=inventory&disablewatermark&width=278&id=42678027,0 km,8-speed Tiptronic S,"$ 119,150.00"
2020 Porsche Cayenne E-Hybrid,https://www.porschevancouver.ca/inventory/new/Porsche+Cayenne+E-Hybrid+Vancouver+British+Columbia+2020+Jet+Black+Metallic+42678029,Jet Black Metallic		  Leather Interior in Black,/images/thumbnail.php?type=inventory&disablewatermark&width=278&id=42678029,0 km,8-speed Tiptronic S,"$ 117,640.00"
2020 Porsche Cayenne E-Hybrid Coupe,https://www.porschevancouver.ca/inventory/new/Porsche+Cayenne+E-Hybrid+Coupe+Vancouver+British+Columbia+2020+Jet+Black+Metallic+40898343,Jet Black Metallic		  Two-tone Leather Interior in Black  Bordeaux Red,/images/thumbnail.php?type=inventory&disablewatermark&width=278&id=40898343,0 km,,"$ 121,740.00"
2020 Porsche Cayenne E-Hybrid Coupe,https://www.porschevancouver.ca/inventory/new/Porsche+Cayenne+E-Hybrid+Coupe+Vancouver+British+Columbia+2020+Carrara+White+Metallic+41726581,Carrara White Metallic		  Two-tone Leather Interior in Black  Bordeaux Red,/images/thumbnail.php?type=inventory&disablewatermark&width=278&id=41726581,0 km,,"$ 121,740.00"
2020 Porsche Cayenne E-Hybrid Coupe,https://www.porschevancouver.ca/inventory/new/Porsche+Cayenne+E-Hybrid+Coupe+Vancouver+British+Columbia+2020+Carrara+White+Metallic+42410823,Carrara White Metallic		  Two-tone Leather Interior in Black  Bordeaux Red,/images/thumbnail.php?type=inventory&disablewatermark&width=278&id=42410823,0 km,,"$ 121,740.00"
2020 Porsche Cayenne E-Hybrid Coupe,https://www.porschevancouver.ca/inventory/new/Porsche+Cayenne+E-Hybrid+Coupe+Vancouver+British+Columbia+2020+Jet+Black+Metallic+43140055,Jet Black Metallic		  Two-tone Leather Interior in Black  Mojave Beige,/images/thumbnail.php?type=inventory&disablewatermark&width=278&id=43140055,0 km,,"$ 118,880.00"
2020 Porsche Cayenne S,https://www.porschevancouver.ca/inventory/new/Porsche+Cayenne+S+Vancouver+British+Columbia+2020+Carrara+White+Metallic+37141881,Carrara White Metallic,https://d2x7jl4z036ayr.cloudfront.net/porsche_pictures/WP1/WP1AB2AY/WP1AB2AY6LDA28315/F467C73818F5B66D2767E0412930C972.jpg,0 km,8-speed Tiptronic S,"$ 124,830.00"
2020 Porsche Cayenne S,https://www.porschevancouver.ca/inventory/new/Porsche+Cayenne+S+Vancouver+British+Columbia+2020+Carrara+White+Metallic+41326321,Carrara White Metallic		  Two-tone Leather Interior in Black  Bordeaux Red,/images/thumbnail.php?type=inventory&disablewatermark&width=278&id=41326321,0 km,8-speed Tiptronic S,"$ 121,180.00"
2020 Porsche Cayenne S,https://www.porschevancouver.ca/inventory/new/Porsche+Cayenne+S+Vancouver+British+Columbia+2020+Carrara+White+Metallic+42727033,Carrara White Metallic,https://d2x7jl4z036ayr.cloudfront.net/porsche_pictures/WP1/WP1AB2AY/WP1AB2AY6LDA27634/2EC374F4CCD2DEA9523224E221DCBE25.jpg,0 km,8-speed Tiptronic S,"$ 121,180.00"
2020 Porsche Cayenne S Coupe,https://www.porschevancouver.ca/inventory/new/Porsche+Cayenne+S+Coupe+Vancouver+British+Columbia+2020+Carrara+White+Metallic+28609687,Carrara White Metallic		  Two-tone Leather Interior in Black  Bordeaux Red,https://d2x7jl4z036ayr.cloudfront.net/porsche_pictures/WP1/WP1BB2AY/WP1BB2AY5LDA57860/8273FAEA404D4573E50E24B39E7B82B1.jpg,0 km,,"$ 128,975.00"
2020 Porsche Cayenne S Coupe,https://www.porschevancouver.ca/inventory/new/Porsche+Cayenne+S+Coupe+Vancouver+British+Columbia+2020+Jet+Black+Metallic+42726973,Jet Black Metallic,https://d2x7jl4z036ayr.cloudfront.net/porsche_pictures/WP1/WP1BB2AY/WP1BB2AY4LDA57378/B2C7BC3C29F83A6279581E40E0B46A17.jpg,0 km,,"$ 118,990.00"
2020 Porsche Cayenne S Coupe,https://www.porschevancouver.ca/inventory/new/Porsche+Cayenne+S+Coupe+Vancouver+British+Columbia+2020+Carrara+White+Metallic+42726985,Carrara White Metallic,https://d2x7jl4z036ayr.cloudfront.net/porsche_pictures/WP1/WP1BB2AY/WP1BB2AY5LDA57230/48DEA42CB89CB6FB1D0C0B9E27FA5C90.jpg,0 km,,"$ 123,680.00"
2020 Porsche Cayenne S Coupe,https://www.porschevancouver.ca/inventory/new/Porsche+Cayenne+S+Coupe+Vancouver+British+Columbia+2020+Biscay+Blue+Metallic+42726995,Biscay Blue Metallic,https://d2x7jl4z036ayr.cloudfront.net/porsche_pictures/WP1/WP1BB2AY/WP1BB2AY7LDA57844/39ECCD399E5800C5F0E267BA4B0D7BF7.jpg,0 km,,"$ 123,760.00"
2020 Porsche Cayenne S Coupe,https://www.porschevancouver.ca/inventory/new/Porsche+Cayenne+S+Coupe+Vancouver+British+Columbia+2020+Jet+Black+Metallic+42727019,Jet Black Metallic,https://d2x7jl4z036ayr.cloudfront.net/porsche_pictures/WP1/WP1BB2AY/WP1BB2AY6LDA57043/834FF7614EA13BD78733AE2B032B49BB.jpg,0 km,,"$ 123,760.00"
2020 Porsche Cayenne S Coupe,https://www.porschevancouver.ca/inventory/new/Porsche+Cayenne+S+Coupe+Vancouver+British+Columbia+2020+Carrara+White+Metallic+42727023,Carrara White Metallic,https://d2x7jl4z036ayr.cloudfront.net/porsche_pictures/WP1/WP1BB2AY/WP1BB2AY3LDA57856/EE9AC09CB9646B5D5DCE39D186AAC9BC.jpg,0 km,,"$ 123,760.00"
2020 Porsche Cayenne S Coupe,https://www.porschevancouver.ca/inventory/new/Porsche+Cayenne+S+Coupe+Vancouver+British+Columbia+2020+Jet+Black+Metallic+42727039,Jet Black Metallic,https://d2x7jl4z036ayr.cloudfront.net/porsche_pictures/WP1/WP1BB2AY/WP1BB2AY9LDA57859/364551FB06529B8D2054FB587A3EB0A9.jpg,0 km,,"$ 123,760.00"
2020 Porsche Cayenne S Coupe,https://www.porschevancouver.ca/inventory/new/Porsche+Cayenne+S+Coupe+Vancouver+British+Columbia+2020+Carrara+White+Metallic+42727055,Carrara White Metallic,https://d2x7jl4z036ayr.cloudfront.net/porsche_pictures/WP1/WP1BB2AY/WP1BB2AY9LDA57120/40C4BADE9F7F08305F0B3F0AEE1176C4.jpg,0 km,,"$ 123,760.00"
2020 Porsche Cayenne S Coupe,https://www.porschevancouver.ca/inventory/new/Porsche+Cayenne+S+Coupe+Vancouver+British+Columbia+2020+Jet+Black+Metallic+42727087,Jet Black Metallic,https://d2x7jl4z036ayr.cloudfront.net/porsche_pictures/WP1/WP1BB2AY/WP1BB2AY7LDA57858/5BBB26AABD7BFF3A0C59A4DE73AEE6FD.jpg,0 km,,"$ 123,760.00"
2020 Porsche Cayenne Turbo Coupe,https://www.porschevancouver.ca/inventory/new/Porsche+Cayenne+Turbo+Coupe+Vancouver+British+Columbia+2020+Carrara+White+Metallic+24245313,Carrara White Metallic,https://d2x7jl4z036ayr.cloudfront.net/porsche_pictures/WP1/WP1BF2AY/WP1BF2AY4LDA65100/AF0280A79FBB34B42F1124A90978530F.jpg,0 km,,"$ 169,020.00"
2020 Porsche Cayenne Turbo Coupe,https://www.porschevancouver.ca/inventory/new/Porsche+Cayenne+Turbo+Coupe+Vancouver+British+Columbia+2020+Quartzite+Grey+Metallic+25094561,Quartzite Grey Metallic,https://d2x7jl4z036ayr.cloudfront.net/porsche_pictures/WP1/WP1BF2AY/WP1BF2AY2LDA65192/6E1083D00D622ACA3AD06EE6D10EDFBD.jpg,0 km,,"$ 171,765.00"
2020 Porsche Cayenne Turbo Coupe,https://www.porschevancouver.ca/inventory/new/Porsche+Cayenne+Turbo+Coupe+Vancouver+British+Columbia+2020+Chalk+26911907,Chalk,https://d2x7jl4z036ayr.cloudfront.net/porsche_pictures/WP1/WP1BF2AY/WP1BF2AY1LDA65443/704C1F157865E05CA56228106A00F500.jpg,0 km,,"$ 181,365.00"
2020 Porsche Cayenne Turbo Coupe,https://www.porschevancouver.ca/inventory/new/Porsche+Cayenne+Turbo+Coupe+Vancouver+British+Columbia+2020+Chalk+28427025,Chalk		  Leather Interior in Black,https://d2x7jl4z036ayr.cloudfront.net/porsche_pictures/WP1/WP1BF2AY/WP1BF2AY2LDA65595/6F3DFAC0C071E48B9307DA64561DCBF5.jpg,0 km,,"$ 190,850.00"
2020 Porsche Macan,https://www.porschevancouver.ca/inventory/new/Porsche+Macan+Vancouver+British+Columbia+2020+Carrara+White+Metallic+41690765,Carrara White Metallic		  Standard interior Black,/images/thumbnail.php?type=inventory&disablewatermark&width=278&id=41690765,0 km,7-speed Porsche Doppelkupplung (PDK),"$ 67,320.00"
2020 Porsche Macan,https://www.porschevancouver.ca/inventory/new/Porsche+Macan+Vancouver+British+Columbia+2020+Black+41726615,Black		  Standard interior Black,/images/thumbnail.php?type=inventory&disablewatermark&width=278&id=41726615,0 km,7-speed Porsche Doppelkupplung (PDK),"$ 73,770.00"
2020 Porsche Macan,https://www.porschevancouver.ca/inventory/new/Porsche+Macan+Vancouver+British+Columbia+2020+Carrara+White+Metallic+41730377,Carrara White Metallic		  Standard interior Black,/images/thumbnail.php?type=inventory&disablewatermark&width=278&id=41730377,0 km,7-speed Porsche Doppelkupplung (PDK),"$ 67,320.00"
2020 Porsche Macan,https://www.porschevancouver.ca/inventory/new/Porsche+Macan+Vancouver+British+Columbia+2020+Carrara+White+Metallic+41896837,Carrara White Metallic		  Standard interior Black,/images/thumbnail.php?type=inventory&disablewatermark&width=278&id=41896837,0 km,7-speed Porsche Doppelkupplung (PDK),"$ 69,300.00"
2020 Porsche Macan,https://www.porschevancouver.ca/inventory/new/Porsche+Macan+Vancouver+British+Columbia+2020+White+41948947,White		  Standard interior Black,/images/thumbnail.php?type=inventory&disablewatermark&width=278&id=41948947,0 km,7-speed Porsche Doppelkupplung (PDK),"$ 67,180.00"
2020 Porsche Macan,https://www.porschevancouver.ca/inventory/new/Porsche+Macan+Vancouver+British+Columbia+2020+Carrara+White+Metallic+41952807,Carrara White Metallic		  Standard interior Black,/images/thumbnail.php?type=inventory&disablewatermark&width=278&id=41952807,0 km,7-speed Porsche Doppelkupplung (PDK),"$ 69,300.00"
2020 Porsche Macan,https://www.porschevancouver.ca/inventory/new/Porsche+Macan+Vancouver+British+Columbia+2020+Carrara+White+Metallic+41956611,Carrara White Metallic		  Standard interior Black,/images/thumbnail.php?type=inventory&disablewatermark&width=278&id=41956611,0 km,7-speed Porsche Doppelkupplung (PDK),"$ 69,300.00"
2020 Porsche Macan,https://www.porschevancouver.ca/inventory/new/Porsche+Macan+Vancouver+British+Columbia+2020+Carrara+White+Metallic+42261979,Carrara White Metallic		  Leather Package in Black  Garnet Red (Leather Seats,/images/thumbnail.php?type=inventory&disablewatermark&width=278&id=42261979,0 km,7-speed Porsche Doppelkupplung (PDK),"$ 70,200.00"
2020 Porsche Macan,https://www.porschevancouver.ca/inventory/new/Porsche+Macan+Vancouver+British+Columbia+2020+Jet+Black+Metallic+42730963,Jet Black Metallic		  Standard interior Black,/images/thumbnail.php?type=inventory&disablewatermark&width=278&id=42730963,0 km,7-speed Porsche Doppelkupplung (PDK),"$ 66,530.00"
2020 Porsche Macan,https://www.porschevancouver.ca/inventory/new/Porsche+Macan+Vancouver+British+Columbia+2020+Carrara+White+Metallic+42782599,Carrara White Metallic		  Standard interior Black,/images/thumbnail.php?type=inventory&disablewatermark&width=278&id=42782599,0 km,7-speed Porsche Doppelkupplung (PDK),"$ 66,530.00"
2020 Porsche Macan,https://www.porschevancouver.ca/inventory/new/Porsche+Macan+Vancouver+British+Columbia+2020+White+42836375,White		  Standard interior Black,/images/thumbnail.php?type=inventory&disablewatermark&width=278&id=42836375,0 km,7-speed Porsche Doppelkupplung (PDK),"$ 65,740.00"
2020 Porsche Macan,https://www.porschevancouver.ca/inventory/new/Porsche+Macan+Vancouver+British+Columbia+2020+White+42888937,White		  Standard interior Black,/images/thumbnail.php?type=inventory&disablewatermark&width=278&id=42888937,0 km,7-speed Porsche Doppelkupplung (PDK),"$ 61,880.00"
2020 Porsche Macan,https://www.porschevancouver.ca/inventory/new/Porsche+Macan+Vancouver+British+Columbia+2020+Jet+Black+Metallic+42888965,Jet Black Metallic		  Leather Package in Black  Garnet Red (Leather Seats,/images/thumbnail.php?type=inventory&disablewatermark&width=278&id=42888965,0 km,7-speed Porsche Doppelkupplung (PDK),"$ 70,200.00"
2020 Porsche Macan,https://www.porschevancouver.ca/inventory/new/Porsche+Macan+Vancouver+British+Columbia+2020+Mamba+Green+Metallic+42981927,Mamba Green Metallic		  Standard interior Black,/images/thumbnail.php?type=inventory&disablewatermark&width=278&id=42981927,0 km,7-speed Porsche Doppelkupplung (PDK),"$ 67,590.00"
2020 Porsche Macan,https://www.porschevancouver.ca/inventory/new/Porsche+Macan+Vancouver+British+Columbia+2020+Dolomite+Silver+Metallic+42981983,Dolomite Silver Metallic		  Standard interior Black,/images/thumbnail.php?type=inventory&disablewatermark&width=278&id=42981983,0 km,7-speed Porsche Doppelkupplung (PDK),"$ 67,590.00"
2020 Porsche Macan,https://www.porschevancouver.ca/inventory/new/Porsche+Macan+Vancouver+British+Columbia+2020+Carrara+White+Metallic+42982009,Carrara White Metallic		  Standard interior Black,/images/thumbnail.php?type=inventory&disablewatermark&width=278&id=42982009,0 km,7-speed Porsche Doppelkupplung (PDK),"$ 67,590.00"
2020 Porsche Macan,https://www.porschevancouver.ca/inventory/new/Porsche+Macan+Vancouver+British+Columbia+2020+White+42982047,White		  Standard interior Black,/images/thumbnail.php?type=inventory&disablewatermark&width=278&id=42982047,0 km,7-speed Porsche Doppelkupplung (PDK),"$ 62,940.00"
2020 Porsche Macan,https://www.porschevancouver.ca/inventory/new/Porsche+Macan+Vancouver+British+Columbia+2020+Jet+Black+Metallic+43034745,Jet Black Metallic		  Leather Package in Black  Garnet Red (Leather Seats,/images/thumbnail.php?type=inventory&disablewatermark&width=278&id=43034745,0 km,7-speed Porsche Doppelkupplung (PDK),"$ 69,030.00"
2020 Porsche Macan,https://www.porschevancouver.ca/inventory/new/Porsche+Macan+Vancouver+British+Columbia+2020+White+43086787,White		  Standard interior Black,/images/thumbnail.php?type=inventory&disablewatermark&width=278&id=43086787,0 km,7-speed Porsche Doppelkupplung (PDK),"$ 61,880.00"
2020 Porsche Macan,https://www.porschevancouver.ca/inventory/new/Porsche+Macan+Vancouver+British+Columbia+2020+Jet+Black+Metallic+43194297,Jet Black Metallic		  Leather Package in Black  Garnet Red (Leather Seats,/images/thumbnail.php?type=inventory&disablewatermark&width=278&id=43194297,0 km,7-speed Porsche Doppelkupplung (PDK),"$ 70,200.00"
2020 Porsche Macan GTS,https://www.porschevancouver.ca/inventory/new/Porsche+Macan+GTS+Vancouver+British+Columbia+2020+Dolomite+Silver+Metallic+41579217,Dolomite Silver Metallic		  Leather Package in Black  Garnet Red (Leather Seats,/images/thumbnail.php?type=inventory&disablewatermark&width=278&id=41579217,0 km,7-speed Porsche Doppelkupplung (PDK),"$ 90,790.00"
2020 Porsche Macan GTS,https://www.porschevancouver.ca/inventory/new/Porsche+Macan+GTS+Vancouver+British+Columbia+2020+Sapphire+Blue+Metallic+41579219,Sapphire Blue Metallic		  Black Leather Package with Partial Leather Seats,/images/thumbnail.php?type=inventory&disablewatermark&width=278&id=41579219,0 km,7-speed Porsche Doppelkupplung (PDK),"$ 89,220.00"
2020 Porsche Macan GTS,https://www.porschevancouver.ca/inventory/new/Porsche+Macan+GTS+Vancouver+British+Columbia+2020+Carmine+Red+41582967,Carmine Red		  Black Leather Package with Partial Leather Seats,/images/thumbnail.php?type=inventory&disablewatermark&width=278&id=41582967,0 km,7-speed Porsche Doppelkupplung (PDK),"$ 93,320.00"
2020 Porsche Macan GTS,https://www.porschevancouver.ca/inventory/new/Porsche+Macan+GTS+Vancouver+British+Columbia+2020+Volcano+Grey+Metallic+41582971,Volcano Grey Metallic		  Leather Package in Black  Garnet Red (Leather Seats,/images/thumbnail.php?type=inventory&disablewatermark&width=278&id=41582971,0 km,7-speed Porsche Doppelkupplung (PDK),"$ 90,790.00"
2020 Porsche Macan GTS,https://www.porschevancouver.ca/inventory/new/Porsche+Macan+GTS+Vancouver+British+Columbia+2020+Chalk+42678005,Chalk		  Black Leather Package with Partial Leather Seats,/images/thumbnail.php?type=inventory&disablewatermark&width=278&id=42678005,0 km,7-speed Porsche Doppelkupplung (PDK),"$ 95,740.00"
2020 Porsche Macan GTS,https://www.porschevancouver.ca/inventory/new/Porsche+Macan+GTS+Vancouver+British+Columbia+2020+Miami+Blue+42730965,Miami Blue,https://d2x7jl4z036ayr.cloudfront.net/porsche_pictures/WP1/WP1AG2A5/WP1AG2A59LLB55041/2A34684F72846B38414DCB106FBA6AC5.jpg,0 km,7-speed Porsche Doppelkupplung (PDK),"$ 93,320.00"
2020 Porsche Macan GTS,https://www.porschevancouver.ca/inventory/new/Porsche+Macan+GTS+Vancouver+British+Columbia+2020+Carrara+White+Metallic+43086799,Carrara White Metallic		  Leather Package in Black  Garnet Red (Leather Seats,/images/thumbnail.php?type=inventory&disablewatermark&width=278&id=43086799,0 km,7-speed Porsche Doppelkupplung (PDK),"$ 89,460.00"
2020 Porsche Macan GTS,https://www.porschevancouver.ca/inventory/new/Porsche+Macan+GTS+Vancouver+British+Columbia+2020+Carrara+White+Metallic+43086849,Carrara White Metallic		  Leather Package in Black  Garnet Red (Leather Seats,/images/thumbnail.php?type=inventory&disablewatermark&width=278&id=43086849,0 km,7-speed Porsche Doppelkupplung (PDK),"$ 88,990.00"
2020 Porsche Macan GTS,https://www.porschevancouver.ca/inventory/new/Porsche+Macan+GTS+Vancouver+British+Columbia+2020+Jet+Black+Metallic+43086859,Jet Black Metallic		  Leather Package in Black  Garnet Red (Leather Seats,/images/thumbnail.php?type=inventory&disablewatermark&width=278&id=43086859,0 km,7-speed Porsche Doppelkupplung (PDK),"$ 89,460.00"
2020 Porsche Macan GTS,https://www.porschevancouver.ca/inventory/new/Porsche+Macan+GTS+Vancouver+British+Columbia+2020+Jet+Black+Metallic+43086867,Jet Black Metallic		  Leather Package in Black  Garnet Red (Leather Seats,/images/thumbnail.php?type=inventory&disablewatermark&width=278&id=43086867,0 km,7-speed Porsche Doppelkupplung (PDK),"$ 88,990.00"
2020 Porsche Macan S,https://www.porschevancouver.ca/inventory/new/Porsche+Macan+S+Vancouver+British+Columbia+2020+Jet+Black+Metallic+25534057,Jet Black Metallic,https://d2x7jl4z036ayr.cloudfront.net/porsche_pictures/WP1/WP1AB2A5/WP1AB2A57LLB31352/FACB1CA2B11AF86DA4BFC7A1B864D710.jpg,0 km,7-speed Porsche Doppelkupplung (PDK),"$ 84,220.00"
2020 Porsche Macan S,https://www.porschevancouver.ca/inventory/new/Porsche+Macan+S+Vancouver+British+Columbia+2020+Chalk+36545759,Chalk,https://d2x7jl4z036ayr.cloudfront.net/porsche_pictures/WP1/WP1AB2A5/WP1AB2A50LLB35601/4FF1213E1243E0B15257D63E453B0CD0.jpg,0 km,7-speed Porsche Doppelkupplung (PDK),"$ 86,305.00"
2020 Porsche Macan S,https://www.porschevancouver.ca/inventory/new/Porsche+Macan+S+Vancouver+British+Columbia+2020+Miami+Blue+42051731,Miami Blue		  Standard interior Black,https://d2x7jl4z036ayr.cloudfront.net/porsche_pictures/WP1/WP1AB2A5/WP1AB2A57LLB32405/DCA409C1277E5F63756DE271D0C68123.jpg,0 km,7-speed Porsche Doppelkupplung (PDK),"$ 87,075.00"
2020 Porsche Macan S,https://www.porschevancouver.ca/inventory/new/Porsche+Macan+S+Vancouver+British+Columbia+2020+Carrara+White+Metallic+42258419,Carrara White Metallic		  Standard interior Black,/images/thumbnail.php?type=inventory&disablewatermark&width=278&id=42258419,0 km,7-speed Porsche Doppelkupplung (PDK),"$ 77,680.00"
2020 Porsche Macan S,https://www.porschevancouver.ca/inventory/new/Porsche+Macan+S+Vancouver+British+Columbia+2020+Volcano+Grey+Metallic+42726961,Volcano Grey Metallic,https://d2x7jl4z036ayr.cloudfront.net/porsche_pictures/WP1/WP1AB2A5/WP1AB2A53LLB31106/1FCBE85FA80F6F42CFCF19FEE8A04388.jpg,0 km,7-speed Porsche Doppelkupplung (PDK),"$ 77,570.00"
2020 Porsche Macan S,https://www.porschevancouver.ca/inventory/new/Porsche+Macan+S+Vancouver+British+Columbia+2020+Carrara+White+Metallic+42726971,Carrara White Metallic,https://d2x7jl4z036ayr.cloudfront.net/porsche_pictures/WP1/WP1AB2A5/WP1AB2A56LLB31360/5A3939D4AD1451B23C7DCC5C3067FE3A.jpg,0 km,7-speed Porsche Doppelkupplung (PDK),"$ 86,535.00"
2020 Porsche Macan S,https://www.porschevancouver.ca/inventory/new/Porsche+Macan+S+Vancouver+British+Columbia+2020+White+42727063,White,https://d2x7jl4z036ayr.cloudfront.net/porsche_pictures/WP1/WP1AB2A5/WP1AB2A51LLB34733/7B570734EC05EEC32AB6DC6B1FC8B77B.jpg,0 km,7-speed Porsche Doppelkupplung (PDK),"$ 75,640.00"
2020 Porsche Macan S,https://www.porschevancouver.ca/inventory/new/Porsche+Macan+S+Vancouver+British+Columbia+2020+Carrara+White+Metallic+42782635,Carrara White Metallic		  Leather Package in Black  Garnet Red (Leather Seats,/images/thumbnail.php?type=inventory&disablewatermark&width=278&id=42782635,0 km,7-speed Porsche Doppelkupplung (PDK),"$ 78,660.00"
2020 Porsche Macan S,https://www.porschevancouver.ca/inventory/new/Porsche+Macan+S+Vancouver+British+Columbia+2020+Carrara+White+Metallic+42981909,Carrara White Metallic		  Leather Package in Black  Garnet Red (Leather Seats,/images/thumbnail.php?type=inventory&disablewatermark&width=278&id=42981909,0 km,7-speed Porsche Doppelkupplung (PDK),"$ 83,450.00"
2020 Porsche Macan S,https://www.porschevancouver.ca/inventory/new/Porsche+Macan+S+Vancouver+British+Columbia+2020+Carrara+White+Metallic+42981977,Carrara White Metallic		  Leather Package in Black  Garnet Red (Leather Seats,/images/thumbnail.php?type=inventory&disablewatermark&width=278&id=42981977,0 km,7-speed Porsche Doppelkupplung (PDK),"$ 76,910.00"
2020 Porsche Macan Turbo,https://www.porschevancouver.ca/inventory/new/Porsche+Macan+Turbo+Vancouver+British+Columbia+2020+Carrara+White+Metallic+41261347,Carrara White Metallic		  Leather Package in Black  Garnet Red (Leather Seats,/images/thumbnail.php?type=inventory&disablewatermark&width=278&id=41261347,0 km,7-speed Porsche Doppelkupplung (PDK),"$ 115,685.00"
2020 Porsche Panamera 4,https://www.porschevancouver.ca/inventory/new/Porsche+Panamera+4+Vancouver+British+Columbia+2020+Carrara+White+Metallic+26666371,Carrara White Metallic,https://d2x7jl4z036ayr.cloudfront.net/porsche_pictures/WP0/WP0AA2A7/WP0AA2A79LL100769/336870109A16E95A2CBFF02E28B5FC5E.jpg,0 km,8-speed Porsche Doppelkupplung (PDK),"$ 129,670.00"
2020 Porsche Panamera 4 E-Hybrid,https://www.porschevancouver.ca/inventory/new/Porsche+Panamera+4+E-Hybrid+Vancouver+British+Columbia+2020+Carrara+White+Metallic+26296529,Carrara White Metallic,https://d2x7jl4z036ayr.cloudfront.net/porsche_pictures/WP0/WP0AE2A7/WP0AE2A71LL130739/0846A72C7C86DE909C15E762BCB529C0.jpg,0 km,8-speed Porsche Doppelkupplung (PDK),"$ 150,595.00"
2020 Porsche Panamera 4 E-Hybrid,https://www.porschevancouver.ca/inventory/new/Porsche+Panamera+4+E-Hybrid+Vancouver+British+Columbia+2020+Jet+Black+Metallic+41730381,Jet Black Metallic		  Leather Interior in Black  Bordeaux Red,/images/thumbnail.php?type=inventory&disablewatermark&width=278&id=41730381,0 km,8-speed Porsche Doppelkupplung (PDK),"$ 150,470.00"
2020 Porsche Panamera 4 E-Hybrid,https://www.porschevancouver.ca/inventory/new/Porsche+Panamera+4+E-Hybrid+Vancouver+British+Columbia+2020+Carrara+White+Metallic+41778127,Carrara White Metallic		  Leather Interior in Black  Bordeaux Red,/images/thumbnail.php?type=inventory&disablewatermark&width=278&id=41778127,0 km,8-speed Porsche Doppelkupplung (PDK),"$ 150,670.00"
2020 Porsche Panamera 4S,https://www.porschevancouver.ca/inventory/new/Porsche+Panamera+4S+Vancouver+British+Columbia+2020+Carrara+White+Metallic+37094847,Carrara White Metallic		  Leather Interior in Black  Bordeaux Red,https://d2x7jl4z036ayr.cloudfront.net/porsche_pictures/WP0/WP0AB2A7/WP0AB2A78LL140564/3FE19C51B09C7FEFDBDB0855A550D36F.jpg,0 km,8-speed Porsche Doppelkupplung (PDK),"$ 155,045.00"
2020 Porsche Panamera 4S,https://www.porschevancouver.ca/inventory/new/Porsche+Panamera+4S+Vancouver+British+Columbia+2020+Carrara+White+Metallic+37563931,Carrara White Metallic,https://d2x7jl4z036ayr.cloudfront.net/porsche_pictures/WP0/WP0AB2A7/WP0AB2A78LL140628/41E14AB891C1B3BA2EAB48A4A16B75E4.jpg,0 km,8-speed Porsche Doppelkupplung (PDK),"$ 155,045.00"
2020 Porsche Panamera GTS,https://www.porschevancouver.ca/inventory/new/Porsche+Panamera+GTS+Vancouver+British+Columbia+2020+Carrara+White+Metallic+26292471,Carrara White Metallic,https://d2x7jl4z036ayr.cloudfront.net/porsche_pictures/WP0/WP0AG2A7/WP0AG2A76LL145330/CA20A4EAFF27796295D6157B42F0804F.jpg,0 km,8-speed Porsche Doppelkupplung (PDK),"$ 184,530.00"
2020 Porsche Panamera GTS,https://www.porschevancouver.ca/inventory/new/Porsche+Panamera+GTS+Vancouver+British+Columbia+2020+Jet+Black+Metallic+28274783,Jet Black Metallic		  Leather Interior in Black,https://d2x7jl4z036ayr.cloudfront.net/porsche_pictures/WP0/WP0AG2A7/WP0AG2A7XLL145816/363B8583F7D985325CBA25D544CBEF5C.jpg,0 km,8-speed Porsche Doppelkupplung (PDK),"$ 183,170.00"
2019 Porsche 718 Cayman S,https://www.porschevancouver.ca/inventory/new/Porsche+718+Cayman+S+Vancouver+British+Columbia+2019+Black+27279845,Black		  Standard Interior in Black,https://d2x7jl4z036ayr.cloudfront.net/porsche_pictures/WP0/WP0AB2A8/WP0AB2A86KS278715/4292CD3E32E8F233DEE66755E5A70F9D.jpg,0 km,7-speed Porsche Doppelkupplung (PDK),"$ 101,615.00"
2019 Porsche 911 Carrera 4S,https://www.porschevancouver.ca/inventory/new/Porsche+911+Carrera+4S+Vancouver+British+Columbia+2019+White+8161133,White		  Leather Interior in Black,https://d2x7jl4z036ayr.cloudfront.net/default/2019/porsche/911_carrera_4s/image_white.png,50 km,7-speed Porsche Doppelkupplung (PDK),"$ 178,410.00"
2019 Porsche 911 Carrera T,https://www.porschevancouver.ca/inventory/certified/Porsche+911+Carrera+T+Vancouver+British+Columbia+2019+Racing+Yellow+37419441,Racing Yellow		  Leather Interior in Black with Carrera T Interior,https://assets3.dealer-sites.com/images/thumbnail.php?type=inventory&id=37419441&imageid=1671104599&num=1&width=200&height=150,3714 km,7-speed Porsche Doppelkupplung (PDK),"$ 150,190.00"
2019 Porsche 911 Speedster,https://www.porschevancouver.ca/inventory/certified/Porsche+911+Speedster+Vancouver+British+Columbia+2019+Lizard+Green+29280331,Lizard Green		  Black Lthr Interior,https://assets1.dealer-sites.com/images/thumbnail.php?type=inventory&id=29280331&imageid=1662382393&num=1&width=200&height=150,101 km,6-speed GT Sport Manual Transmission with dual-mass flywheel,"$ 449,995.00"
2019 Porsche 911 Speedster,https://www.porschevancouver.ca/inventory/certified/Porsche+911+Speedster+Vancouver+British+Columbia+2019+Carrara+White+Metallic+41726475,Carrara White Metallic		  Leather Interior in Black with Decorative Stitchin,https://assets3.dealer-sites.com/images/thumbnail.php?type=inventory&id=41726475&imageid=1745913459&num=1&width=200&height=150,500 km,6-speed GT Sport Manual Transmission with dual-mass flywheel,"$ 389,995.00"
2019 Porsche 911 Turbo,https://www.porschevancouver.ca/inventory/new/Porsche+911+Turbo+Vancouver+British+Columbia+2019+Carrara+White+Metallic+30769593,Carrara White Metallic		  Leather Interior in Black  Bordeaux Red,https://d2x7jl4z036ayr.cloudfront.net/default/2019/porsche/911_turbo/image_white.png,0 km,7-speed Porsche Doppelkupplung (PDK),"$ 212,115.00"
2019 Porsche Cayenne E-Hybrid,https://www.porschevancouver.ca/inventory/certified/Porsche+Cayenne+E-Hybrid+Vancouver+British+Columbia+2019+Jet+Black+Metallic+43133765,Jet Black Metallic		  Two-tone Leather Interior in Black  Bordeaux Red,https://assets5.dealer-sites.com/images/thumbnail.php?type=inventory&id=43133765&imageid=1764470599&num=1&width=200&height=150,2500 km,8-speed Tiptronic S,"$ 118,995.00"
2019 Porsche Cayenne S,https://www.porschevancouver.ca/inventory/certified/Porsche+Cayenne+S+Vancouver+British+Columbia+2019+Carrara+White+Metallic+33255157,Carrara White Metallic		  Leather Interior in Black,https://assets6.dealer-sites.com/images/thumbnail.php?type=inventory&id=33255157&imageid=1628200005&num=1&width=200&height=150,5184 km,8-speed Tiptronic S,"$ 115,995.00"
2019 Porsche Cayenne Turbo,https://www.porschevancouver.ca/inventory/certified/Porsche+Cayenne+Turbo+Vancouver+British+Columbia+2019+Quarzite+Grey+Metallic+41738011,Quarzite Grey Metallic		  Two-tone Leather Interior in Black  Mojave Beige,https://assets2.dealer-sites.com/images/thumbnail.php?type=inventory&id=41738011&imageid=1745948707&num=1&width=200&height=150,28000 km,8-speed Tiptronic S,"$ 128,995.00"
2019 Porsche Macan,https://www.porschevancouver.ca/inventory/certified/Porsche+Macan+Vancouver+British+Columbia+2019+Volcano+Grey+Metallic+22384561,Volcano Grey Metallic		  Standard interior Black,https://d2x7jl4z036ayr.cloudfront.net/porsche_pictures/WP1/WP1AA2A5/WP1AA2A56KLB03012/753816CE012CCA5FF9F9CC052D14C82F.jpg,7600 km,7-speed Porsche Doppelkupplung (PDK),"$ 69,320.00"
2019 Porsche Macan S,https://www.porschevancouver.ca/inventory/certified/Porsche+Macan+S+Vancouver+British+Columbia+2019+Volcano+Grey+Metallic+15746373,Volcano Grey Metallic		  Black leather package with partial leather seats,https://d2x7jl4z036ayr.cloudfront.net/porsche_pictures/WP1/WP1AB2A5/WP1AB2A56KLB30417/7F3D67EBBCFA67E92FB6AEF5CAACEDA7.jpg,8768 km,7-speed Porsche Doppelkupplung (PDK),"$ 78,995.00"
2019 Porsche Macan S,https://www.porschevancouver.ca/inventory/certified/Porsche+Macan+S+Vancouver+British+Columbia+2019+Jet+Black+Metallic+16921959,Jet Black Metallic		  Leather Package in Black  Garnet Red (Leather Seats,https://assets2.dealer-sites.com/images/thumbnail.php?type=inventory&id=16921959&imageid=1641347223&num=1&width=200&height=150,8184 km,7-speed Porsche Doppelkupplung (PDK),"$ 78,995.00"
2019 Porsche Macan S,https://www.porschevancouver.ca/inventory/new/Porsche+Macan+S+Vancouver+British+Columbia+2019+Carrara+White+Metallic+17172931,Carrara White Metallic,https://d2x7jl4z036ayr.cloudfront.net/porsche_pictures/WP1/WP1AB2A5/WP1AB2A55KLB31462/C760AF5526F5FD1DCEA65AFE777430F9.jpg,0 km,7-speed Porsche Doppelkupplung (PDK),"$ 81,740.00"
2019 Porsche Macan S,https://www.porschevancouver.ca/inventory/new/Porsche+Macan+S+Vancouver+British+Columbia+2019+Jet+Black+Metallic+17254239,Jet Black Metallic,https://d2x7jl4z036ayr.cloudfront.net/porsche_pictures/WP1/WP1AB2A5/WP1AB2A54KLB31453/BEEF9815E88C4835C5A40A336C363862.jpg,0 km,7-speed Porsche Doppelkupplung (PDK),"$ 81,740.00"
2019 Porsche Macan S,https://www.porschevancouver.ca/inventory/certified/Porsche+Macan+S+Vancouver+British+Columbia+2019+Carrara+White+Metallic+22388037,Carrara White Metallic		  Standard interior Black,https://assets2.dealer-sites.com/images/thumbnail.php?type=inventory&id=22388037&imageid=1647543055&num=1&width=200&height=150,6628 km,7-speed Porsche Doppelkupplung (PDK),"$ 79,995.00"
2019 Porsche Macan S,https://www.porschevancouver.ca/inventory/new/Porsche+Macan+S+Vancouver+British+Columbia+2019+Carrara+White+Metallic+22388161,Carrara White Metallic,https://d2x7jl4z036ayr.cloudfront.net/porsche_pictures/WP1/WP1AB2A5/WP1AB2A55KLB34524/82F51B7E3552AD0D161E23CEE8999B23.jpg,0 km,7-speed Porsche Doppelkupplung (PDK),"$ 81,140.00"
2019 Porsche Panamera 4S,https://www.porschevancouver.ca/inventory/new/Porsche+Panamera+4S+Vancouver+British+Columbia+2019+Night+Blue+Metallic+33566083,Night Blue Metallic		  Standard Interior in Black,https://d2x7jl4z036ayr.cloudfront.net/porsche_pictures/WP0/WP0AB2A7/WP0AB2A70KL128116/F1619C9DF84F9CA77AFBE711476D4320.jpg,0 km,8-speed Porsche Doppelkupplung (PDK),"$ 150,555.00"
2018 Porsche 718 Cayman GTS,https://www.porschevancouver.ca/inventory/certified/Porsche+718+Cayman+GTS+Vancouver+British+Columbia+2018+Sapphire+Blue+Met+31077225,"Sapphire Blue Met		  Black Std Int, Alcantara Seat Centres",https://assets5.dealer-sites.com/images/thumbnail.php?type=inventory&id=31077225&imageid=1669316955&num=1&width=200&height=150,5745 km,7-speed Porsche Doppelkupplung (PDK),"$ 89,995.00"
2018 Porsche 911 Carrera 4S,https://www.porschevancouver.ca/inventory/certified/Porsche+911+Carrera+4S+Vancouver+British+Columbia+2018+Miami+Blue+25525905,Miami Blue		  Leather Interior in Graphite Blue  Chalk,https://assets2.dealer-sites.com/images/thumbnail.php?type=inventory&id=25525905&imageid=1669316735&num=1&width=200&height=150,2013 km,7-speed Porsche Doppelkupplung (PDK),"$ 134,995.00"
2018 Porsche 911 Carrera GTS,https://www.porschevancouver.ca/inventory/certified/Porsche+911+Carrera+GTS+Vancouver+British+Columbia+2018+Jet+Black+Metallic+37358431,Jet Black Metallic		  Leather Interior in Black  Bordeaux Red,https://assets4.dealer-sites.com/images/thumbnail.php?type=inventory&id=37358431&imageid=1659776103&num=1&width=200&height=150,15068 km,7-speed Manual Transmission,"$ 149,995.00"
2018 Porsche 911 GT2 RS,https://www.porschevancouver.ca/inventory/certified/Porsche+911+GT2+RS+Vancouver+British+Columbia+2018+White+26744821,White		  Lthr  Alcantara Pkg in Black  Red,https://assets5.dealer-sites.com/images/thumbnail.php?type=inventory&id=26744821&imageid=1709846569&num=1&width=200&height=150,970 km,Automatic,"$ 479,995.00"
2018 Porsche 911 GT3,https://www.porschevancouver.ca/inventory/certified/Porsche+911+GT3+Vancouver+British+Columbia+2018+Carrara+White+Metallic+28965451,Carrara White Metallic		  Leather Interior in Black  Alcantara,https://assets3.dealer-sites.com/images/thumbnail.php?type=inventory&id=28965451&imageid=1629065111&num=1&width=200&height=150,3667 km,7-speed Porsche Doppelkupplung (PDK),"$ 205,995.00"
2018 Porsche 911 GT3,https://www.porschevancouver.ca/inventory/certified/Porsche+911+GT3+Vancouver+British+Columbia+2018+Guards+Red+32102693,Guards Red		  Leather Interior in Black  Alcantara with Stitchin,https://assets2.dealer-sites.com/images/thumbnail.php?type=inventory&id=32102693&imageid=1597558541&num=1&width=200&height=150,5901 km,6-speed manual,"$ 205,995.00"
2018 Porsche 911 GT3,https://www.porschevancouver.ca/inventory/certified/Porsche+911+GT3+Vancouver+British+Columbia+2018+Guards+Red+34011371,Guards Red		  Leather Interior in Black  Alcantara with Stitchin,https://assets6.dealer-sites.com/images/thumbnail.php?type=inventory&id=34011371&imageid=1617739565&num=1&width=200&height=150,10942 km,6-speed manual,"$ 199,995.00"
2018 Porsche 911 Turbo Coupe PDK,https://www.porschevancouver.ca/inventory/used/Porsche+911+Turbo+Coupe+PDK+Vancouver+British+Columbia+2018+Chalk+38957193,Chalk		  Black Lthr Interior,https://assets2.dealer-sites.com/images/thumbnail.php?type=inventory&id=38957193&imageid=1687498571&num=1&width=200&height=150,24939 km,Automatic,"$ 174,995.00"
2018 Porsche 911 Turbo S,https://www.porschevancouver.ca/inventory/certified/Porsche+911+Turbo+S+Vancouver+British+Columbia+2018+Carrara+White+Metallic+37358433,Carrara White Metallic		  Leather Interior in Black  Bordeaux Red,https://assets3.dealer-sites.com/images/thumbnail.php?type=inventory&id=37358433&imageid=1667461221&num=1&width=200&height=150,12228 km,7-speed Porsche Doppelkupplung (PDK),"$ 199,995.00"
2018 Porsche Cayenne S,https://www.porschevancouver.ca/inventory/certified/Porsche+Cayenne+S+Vancouver+British+Columbia+2018+Carrara+White+Metallic+33243261,Carrara White Metallic		  Leather interior Black  smooth-finish leather,https://assets4.dealer-sites.com/images/thumbnail.php?type=inventory&id=33243261&imageid=1636067345&num=1&width=200&height=150,18095 km,8-speed Tiptronic S,"$ 82,995.00"
2018 Porsche Macan,https://www.porschevancouver.ca/inventory/certified/Porsche+Macan+Vancouver+British+Columbia+2018+Volcano+Grey+Metallic+33208179,Volcano Grey Metallic		  Standard interior Black,https://assets5.dealer-sites.com/images/thumbnail.php?type=inventory&id=33208179&imageid=1652823839&num=1&width=200&height=150,20748 km,7-speed Porsche Doppelkupplung (PDK),"$ 57,995.00"
2018 Porsche Macan GTS,https://www.porschevancouver.ca/inventory/certified/Porsche+Macan+GTS+Vancouver+British+Columbia+2018+Carrara+White+Metallic+43030761,Carrara White Metallic		  Leather Package in Black  Garnet Red (Leather Seats,https://assets2.dealer-sites.com/images/thumbnail.php?type=inventory&id=43030761&imageid=1763682131&num=1&width=200&height=150,12800 km,7-speed Porsche Doppelkupplung (PDK),"$ 74,995.00"
2018 Porsche Panamera 4,https://www.porschevancouver.ca/inventory/used/Porsche+Panamera+4+Vancouver+British+Columbia+2018+Chalk+43295159,Chalk		  Std Black Intr,https://assets6.dealer-sites.com/images/thumbnail.php?type=inventory&id=43295159&imageid=1769963095&num=1&width=200&height=150,15600 km,Automatic,"$ 103,995.00"
2018 Porsche Panamera 4S,https://www.porschevancouver.ca/inventory/certified/Porsche+Panamera+4S+Vancouver+British+Columbia+2018+Jet+Black+Metallic+43082763,Jet Black Metallic		  Standard Interior in Black,https://assets6.dealer-sites.com/images/thumbnail.php?type=inventory&id=43082763&imageid=1764470823&num=1&width=200&height=150,4350 km,8-speed Porsche Doppelkupplung (PDK),"$ 126,995.00"
2018 Porsche Panamera Turbo S e-Hybrid Executive,https://www.porschevancouver.ca/inventory/used/Porsche+Panamera+Turbo+S+e-Hybrid+Executive+Vancouver+British+Columbia+2018+Jet+Black+Met+38632119,Jet Black Met		  Black-Luxor Beige Two-Tone Lthr Intr,https://assets2.dealer-sites.com/images/thumbnail.php?type=inventory&id=38632119&imageid=1687498483&num=1&width=200&height=150,26549 km,Automatic,"$ 179,995.00"
2017 Porsche 911 Carrera S,https://www.porschevancouver.ca/inventory/certified/Porsche+911+Carrera+S+Vancouver+British+Columbia+2017+Rhodium+Silver+Metallic+43136025,Rhodium Silver Metallic		  Standard Interior in Black,https://assets4.dealer-sites.com/images/thumbnail.php?type=inventory&id=43136025&imageid=1767608937&num=1&width=200&height=150,28000 km,7-speed Porsche Doppelkupplung (PDK),"$ 108,995.00"
2017 Porsche 911 Targa 4S,https://www.porschevancouver.ca/inventory/certified/Porsche+911+Targa+4S+Vancouver+British+Columbia+2017+Carrara+White+Metallic+42573721,Carrara White Metallic		  Leather Interior in Graphite Blue  Chalk,https://assets1.dealer-sites.com/images/thumbnail.php?type=inventory&id=42573721&imageid=1763683209&num=1&width=200&height=150,35500 km,7-speed Porsche Doppelkupplung (PDK),"$ 139,995.00"
2017 Porsche Cayenne,https://www.porschevancouver.ca/inventory/certified/Porsche+Cayenne+Vancouver+British+Columbia+2017+Carrara+White+Metallic+42356401,Carrara White Metallic		  Standard Black Interior,https://assets3.dealer-sites.com/images/thumbnail.php?type=inventory&id=42356401&imageid=1754385107&num=1&width=200&height=150,28950 km,8-speed Tiptronic S with Auto Start Stop function,"$ 56,500.00"
2017 Porsche Cayenne GTS,https://www.porschevancouver.ca/inventory/certified/Porsche+Cayenne+GTS+Vancouver+British+Columbia+2017+Jet+Black+Metallic+42495393,Jet Black Metallic		  Two-tone leather interior Black - Cohiba Brown  sm,https://assets3.dealer-sites.com/images/thumbnail.php?type=inventory&id=42495393&imageid=1757924125&num=1&width=200&height=150,48750 km,8-speed Tiptronic S with Auto Start Stop function,"$ 74,995.00"
2017 Porsche Cayenne S,https://www.porschevancouver.ca/inventory/certified/Porsche+Cayenne+S+Vancouver+British+Columbia+2017+Moonlight+Blue+Metallic+40073901,Moonlight Blue Metallic		  Standard Black Interior,https://assets6.dealer-sites.com/images/thumbnail.php?type=inventory&id=40073901&imageid=1738902631&num=1&width=200&height=150,47820 km,8-speed Tiptronic S with Auto Start Stop function,"$ 64,995.00"
2017 Porsche Cayenne S,https://www.porschevancouver.ca/inventory/certified/Porsche+Cayenne+S+Vancouver+British+Columbia+2017+Jet+Black+Metallic+41450337,Jet Black Metallic		  Two-tone leather interior Black - Garnet Red  smoo,https://assets3.dealer-sites.com/images/thumbnail.php?type=inventory&id=41450337&imageid=1753471037&num=1&width=200&height=150,40380 km,8-speed Tiptronic S with Auto Start Stop function,"$ 66,995.00"
2017 Porsche Cayenne S E-Hybrid Platinum Ed,https://www.porschevancouver.ca/inventory/certified/Porsche+Cayenne+S+E-Hybrid+Platinum+Ed+Vancouver+British+Columbia+2017+Carrara+White+Metallic+43241943,Carrara White Metallic		  Two-tone leather interior Black - Garnet Red  smoo,https://assets6.dealer-sites.com/images/thumbnail.php?type=inventory&id=43241943&imageid=1766058347&num=1&width=200&height=150,56300 km,8-speed Tiptronic S with Auto Start Stop function,"$ 57,995.00"
2017 Porsche Macan,https://www.porschevancouver.ca/inventory/certified/Porsche+Macan+Vancouver+British+Columbia+2017+Volcano+Grey+Metallic+42410799,Volcano Grey Metallic		  Standard interior Black,https://assets6.dealer-sites.com/images/thumbnail.php?type=inventory&id=42410799&imageid=1757050625&num=1&width=200&height=150,30500 km,7-speed Porsche Doppelkupplung (PDK) with Auto Start Stop and coasting functions,"$ 51,995.00"
2017 Porsche Macan,https://www.porschevancouver.ca/inventory/certified/Porsche+Macan+Vancouver+British+Columbia+2017+White+43241945,White		  Black-Luxor Beige two-tone standard interior,https://assets5.dealer-sites.com/images/thumbnail.php?type=inventory&id=43241945&imageid=1766058353&num=1&width=200&height=150,50500 km,7-speed Porsche Doppelkupplung (PDK) with Auto Start Stop and coasting functions,"$ 47,995.00"
2017 Porsche Macan GTS,https://www.porschevancouver.ca/inventory/certified/Porsche+Macan+GTS+Vancouver+British+Columbia+2017+Black+42495395,Black		  Black leather package with partial leather seats,https://d2x7jl4z036ayr.cloudfront.net/default/2017/porsche/macan_gts/image_black.png,56700 km,7-speed Porsche Doppelkupplung (PDK) with Auto Start Stop and coasting functions,"$ 54,995.00"
2017 Porsche Macan S,https://www.porschevancouver.ca/inventory/certified/Porsche+Macan+S+Vancouver+British+Columbia+2017+Night+Blue+Metallic+41319335,Night Blue Metallic		  Standard interior Black,https://assets4.dealer-sites.com/images/thumbnail.php?type=inventory&id=41319335&imageid=1732701795&num=1&width=200&height=150,29800 km,7-speed Porsche Doppelkupplung (PDK) with Auto Start Stop and coasting functions,"$ 52,500.00"
2017 Porsche Panamera Turbo,https://www.porschevancouver.ca/inventory/certified/Porsche+Panamera+Turbo+Vancouver+British+Columbia+2017+Carrara+White+Metallic+42001401,Carrara White Metallic		  Leather Interior in Black  Bordeaux Red,https://assets4.dealer-sites.com/images/thumbnail.php?type=inventory&id=42001401&imageid=1745949281&num=1&width=200&height=150,27600 km,8-Speed Porsche Doppelkupplung (PDK),"$ 138,995.00"
2016 Porsche 911 GT3 RS,https://www.porschevancouver.ca/inventory/certified/Porsche+911+GT3+RS+Vancouver+British+Columbia+2016+Lava+Orange+25451963,Lava Orange		  Leather interior in Black    Lava Orange microfibre,https://assets2.dealer-sites.com/images/thumbnail.php?type=inventory&id=25451963&imageid=1664066013&num=1&width=200&height=150,8546 km,"7-speed Porsche Doppelkupplung (PDK) with short ratios, sports tuning and PDK SPORT button","$ 208,995.00"
2016 Porsche 911 GT3 RS,https://www.porschevancouver.ca/inventory/certified/Porsche+911+GT3+RS+Vancouver+British+Columbia+2016+Ultraviolet+41385321,Ultraviolet		  Leather interior in Black    GT Silver microfibre s,https://assets1.dealer-sites.com/images/thumbnail.php?type=inventory&id=41385321&imageid=1736853679&num=1&width=200&height=150,12800 km,"7-speed Porsche Doppelkupplung (PDK) with short ratios, sports tuning and PDK SPORT button","$ 209,995.00"
2016 Porsche Cayenne S,https://www.porschevancouver.ca/inventory/certified/Porsche+Cayenne+S+Vancouver+British+Columbia+2016+Carrara+White+Metallic+42829421,Carrara White Metallic		  Two-tone leather interior Black - Garnet Red  smoo,https://assets2.dealer-sites.com/images/thumbnail.php?type=inventory&id=42829421&imageid=1759687219&num=1&width=200&height=150,39100 km,8-speed Tiptronic S with Auto Start Stop function,"$ 56,995.00"
2016 Porsche Macan Turbo,https://www.porschevancouver.ca/inventory/certified/Porsche+Macan+Turbo+Vancouver+British+Columbia+2016+Jet+Black+Metallic+43244275,Jet Black Metallic		  Black leather package with partial leather seats,https://d2x7jl4z036ayr.cloudfront.net/default/2016/porsche/macan_turbo/image_black.png,67000 km,7-speed Porsche Doppelkupplung (PDK) with Auto Start Stop and coasting functions,"$ 56,995.00"
2016 Porsche Panamera Turbo S,https://www.porschevancouver.ca/inventory/certified/Porsche+Panamera+Turbo+S+Vancouver+British+Columbia+2016+Carrara+White+Metallic+29914017,Carrara White Metallic		  Black    Garnet Red Two-Tone Leather Interior,https://assets5.dealer-sites.com/images/thumbnail.php?type=inventory&id=29914017&imageid=1714244589&num=1&width=200&height=150,16300 km,"Porsche Doppelkupplung (PDK), 7-speed transmission","$ 135,995.00"
2015 Porsche Panamera S (E) Hybrid,https://www.porschevancouver.ca/inventory/certified/Porsche+Panamera+S+28E29+Hybrid+Vancouver+British+Columbia+2015+White+42620631,White		  Black    Garnet Red Two-Tone Leather Interior,https://assets3.dealer-sites.com/images/thumbnail.php?type=inventory&id=42620631&imageid=1757051591&num=1&width=200&height=150,57000 km,8-speed Tiptronic S,"$ 59,995.00"
2014 Porsche 911 GT3,https://www.porschevancouver.ca/inventory/certified/Porsche+911+GT3+Vancouver+British+Columbia+2014+White+38820349,White		  Leather Interior in Black  Alcantara,https://assets1.dealer-sites.com/images/thumbnail.php?type=inventory&id=38820349&imageid=1694770241&num=1&width=200&height=150,19785 km,Porsche Doppelkupplung (PDK),"$ 154,995.00"
2011 Porsche 911 Carrera GTS,https://www.porschevancouver.ca/inventory/used/Porsche+911+Carrera+GTS+Vancouver+British+Columbia+2011+Carrera+White+40945177,Carrera White		  Sand Beige Standard Interior,https://assets5.dealer-sites.com/images/thumbnail.php?type=inventory&id=40945177&imageid=1732702817&num=1&width=200&height=150,38200 km,Automatic,"$ 91,995.00"
2009 Porsche 911 Turbo Cabriolet,https://www.porschevancouver.ca/inventory/certified/Porsche+911+Turbo+Cabriolet+Vancouver+British+Columbia+2009+Arctic+Silver+Metallic+36545761,Arctic Silver Metallic		  Black Full Leather,https://assets4.dealer-sites.com/images/thumbnail.php?type=inventory&id=36545761&imageid=1646666481&num=1&width=200&height=150,22110 km,5 Speed automatic,"$ 99,995.00"
2005 Porsche Carrera S Coupe,https://www.porschevancouver.ca/inventory/used/Porsche+Carrera+S+Coupe+Vancouver+British+Columbia+2005+GT+Silver+Metallic+42399479,GT Silver Metallic		  Black Full Leather,https://assets1.dealer-sites.com/images/thumbnail.php?type=inventory&id=42399479&imageid=1757051327&num=1&width=200&height=150,77000 km,6 Speed Manual,"$ 51,500.00"
2019 Mercedes-Benz AMG GT R Coupe,https://www.porschevancouver.ca/inventory/used/Mercedes-Benz+AMG+GT+R+Coupe+Vancouver+British+Columbia+2019+designo+Selenite+Grey+MAGNO+43436641,designo Selenite Grey MAGNO		  Black w  Grey Accents  Stitch Excl Nappa Lthr  DINAMI,https://assets3.dealer-sites.com/images/thumbnail.php?type=inventory&id=43436641&imageid=1769962687&num=1&width=200&height=150,750 km,Automatic,"$ 183,995.00"
2018 Land Rover Range Rover Sport V8 Supercharged SVR,https://www.porschevancouver.ca/inventory/used/Land+Rover+Range+Rover+Sport+V8+Supercharged+SVR+Vancouver+British+Columbia+2018+Estoril+Blue+43490169,Estoril Blue		  Cirrus  Ebony  Ebony  Cirrus  Ebony,https://assets2.dealer-sites.com/images/thumbnail.php?type=inventory&id=43490169&imageid=1769962155&num=1&width=200&height=150,10100 km,Automatic,"$ 109,995.00"
2016 Land Rover Range Rover Sport V8 Supercharged SVR,https://www.porschevancouver.ca/inventory/used/Land+Rover+Range+Rover+Sport+V8+Supercharged+SVR+Vancouver+British+Columbia+2016+Corris+Grey+42408011,Corris Grey		  Pimento  Ebony  Ebony  Pimento  Ebony,https://assets3.dealer-sites.com/images/thumbnail.php?type=inventory&id=42408011&imageid=1754385385&num=1&width=200&height=150,44100 km,Automatic,"$ 76,995.00"
2016 Volkswagen Golf R 5-Dr 2.0T 4MOTION 6sp,https://www.porschevancouver.ca/inventory/used/Volkswagen+Golf+R+5-Dr+2.0T+4MOTION+6sp+Vancouver+British+Columbia+2016+Lapiz+Blue+Met+43241947,Lapiz Blue Met		  Titan Black Vienna Lthr,https://assets6.dealer-sites.com/images/thumbnail.php?type=inventory&id=43241947&imageid=1768392369&num=1&width=200&height=150,108500 km,Manual,"$ 24,995.00"
2015 Mercedes-Benz ML350 BlueTEC 4MATIC SUV,https://www.porschevancouver.ca/inventory/used/Mercedes-Benz+ML350+BlueTEC+4MATIC+SUV+Vancouver+British+Columbia+2015+Palladium+Silver+Met+42933727,Palladium Silver Met		  Black ARTICO,https://assets5.dealer-sites.com/images/thumbnail.php?type=inventory&id=42933727&imageid=1765264895&num=1&width=200&height=150,70100 km,Automatic,"$ 31,995.00"
